user_id,date,source,plan
1,2023-07-31,ads,free
1,2023-08-31,ads,free
1,2023-09-30,ads,free
1,2023-10-31,ads,free
1,2023-11-30,ads,free
1,2023-12-31,ads,free
2,2023-05-31,organico,free
2,2023-06-30,organico,free
2,2023-07-31,organico,free
2,2023-08-31,organico,free
2,2023-09-30,organico,free
2,2023-10-31,organico,free
2,2023-11-30,organico,free
2,2023-12-31,organico,free
3,2023-11-30,ads,free
3,2023-12-30,ads,free
4,2023-03-31,organico,premium
4,2023-04-30,organico,premium
4,2023-05-31,organico,premium
4,2023-06-30,organico,premium
4,2023-07-31,organico,premium
4,2023-08-31,organico,premium
5,2023-02-28,organico,free
5,2023-03-28,organico,free
5,2023-04-28,organico,free
5,2023-05-28,organico,free
5,2023-06-28,organico,free
5,2023-07-28,organico,free
5,2023-08-28,organico,free
5,2023-09-28,organico,free
5,2023-10-28,organico,free
5,2023-11-28,organico,free
6,2023-06-30,organico,free
6,2023-07-30,organico,free
6,2023-08-30,organico,free
6,2023-09-30,organico,free
6,2023-10-30,organico,free
6,2023-11-30,organico,free
6,2023-12-30,organico,free
7,2023-11-30,organico,free
7,2023-12-30,organico,free
8,2023-12-31,organico,free
9,2023-05-31,ads,free
9,2023-06-30,ads,free
9,2023-07-31,ads,free
9,2023-08-31,ads,free
9,2023-09-30,ads,free
9,2023-10-31,ads,free
9,2023-11-30,ads,free
10,2023-02-28,indicacao,premium
10,2023-03-28,indicacao,premium
11,2023-10-31,organico,free
11,2023-11-30,organico,free
11,2023-12-31,organico,free
12,2023-12-31,organico,free
13,2023-03-31,indicacao,free
13,2023-04-30,indicacao,free
13,2023-05-31,indicacao,free
13,2023-06-30,indicacao,free
13,2023-07-31,indicacao,free
13,2023-08-31,indicacao,free
13,2023-09-30,indicacao,free
13,2023-10-31,indicacao,free
14,2023-04-30,organico,free
14,2023-05-30,organico,free
14,2023-06-30,organico,free
14,2023-07-30,organico,free
14,2023-08-30,organico,free
14,2023-09-30,organico,free
14,2023-10-30,organico,free
14,2023-11-30,organico,free
14,2023-12-30,organico,free
15,2023-04-30,organico,premium
15,2023-05-30,organico,premium
15,2023-06-30,organico,premium
15,2023-07-30,organico,premium
15,2023-08-30,organico,premium
15,2023-09-30,organico,premium
15,2023-10-30,organico,premium
15,2023-11-30,organico,premium
15,2023-12-30,organico,premium
16,2023-12-31,indicacao,premium
17,2023-07-31,organico,premium
17,2023-08-31,organico,premium
17,2023-09-30,organico,premium
17,2023-10-31,organico,premium
17,2023-11-30,organico,premium
18,2023-02-28,organico,free
18,2023-03-28,organico,free
18,2023-04-28,organico,free
18,2023-05-28,organico,free
18,2023-06-28,organico,free
18,2023-07-28,organico,free
18,2023-08-28,organico,free
18,2023-09-28,organico,free
18,2023-10-28,organico,free
19,2023-12-31,ads,free
20,2023-09-30,indicacao,free
20,2023-10-30,indicacao,free
20,2023-11-30,indicacao,free
20,2023-12-30,indicacao,free
21,2023-08-31,organico,free
21,2023-09-30,organico,free
21,2023-10-31,organico,free
21,2023-11-30,organico,free
21,2023-12-31,organico,free
22,2023-03-31,ads,free
22,2023-04-30,ads,free
22,2023-05-31,ads,free
22,2023-06-30,ads,free
22,2023-07-31,ads,free
22,2023-08-31,ads,free
22,2023-09-30,ads,free
22,2023-10-31,ads,free
22,2023-11-30,ads,free
22,2023-12-31,ads,free
23,2023-07-31,ads,premium
23,2023-08-31,ads,premium
23,2023-09-30,ads,premium
23,2023-10-31,ads,premium
23,2023-11-30,ads,premium
23,2023-12-31,ads,premium
24,2023-08-31,organico,free
24,2023-09-30,organico,free
24,2023-10-31,organico,free
24,2023-11-30,organico,free
24,2023-12-31,organico,free
25,2023-07-31,ads,free
25,2023-08-31,ads,free
25,2023-09-30,ads,free
25,2023-10-31,ads,free
25,2023-11-30,ads,free
25,2023-12-31,ads,free
26,2023-06-30,ads,free
26,2023-07-30,ads,free
26,2023-08-30,ads,free
26,2023-09-30,ads,free
26,2023-10-30,ads,free
27,2023-03-31,ads,free
27,2023-04-30,ads,free
27,2023-05-31,ads,free
27,2023-06-30,ads,free
27,2023-07-31,ads,free
27,2023-08-31,ads,free
27,2023-09-30,ads,free
28,2023-11-30,organico,free
28,2023-12-30,organico,free
29,2023-12-31,organico,free
30,2023-01-31,organico,free
30,2023-02-28,organico,free
30,2023-03-31,organico,free
30,2023-04-30,organico,free
30,2023-05-31,organico,free
31,2023-07-31,ads,free
31,2023-08-31,ads,free
31,2023-09-30,ads,free
31,2023-10-31,ads,free
32,2023-07-31,organico,free
32,2023-08-31,organico,free
33,2023-10-31,ads,free
33,2023-11-30,ads,free
33,2023-12-31,ads,free
34,2023-12-31,ads,free
35,2023-10-31,organico,free
36,2023-01-31,organico,free
36,2023-02-28,organico,free
36,2023-03-31,organico,free
36,2023-04-30,organico,free
37,2023-09-30,organico,free
37,2023-10-30,organico,free
37,2023-11-30,organico,free
37,2023-12-30,organico,free
38,2023-09-30,organico,free
38,2023-10-30,organico,free
38,2023-11-30,organico,free
38,2023-12-30,organico,free
39,2023-12-31,organico,free
40,2023-09-30,organico,free
40,2023-10-30,organico,free
40,2023-11-30,organico,free
40,2023-12-30,organico,free
41,2023-04-30,organico,free
41,2023-05-30,organico,free
41,2023-06-30,organico,free
42,2023-01-31,organico,premium
42,2023-02-28,organico,premium
42,2023-03-31,organico,premium
42,2023-04-30,organico,premium
42,2023-05-31,organico,premium
42,2023-06-30,organico,premium
42,2023-07-31,organico,premium
42,2023-08-31,organico,premium
42,2023-09-30,organico,premium
42,2023-10-31,organico,premium
42,2023-11-30,organico,premium
43,2023-01-31,indicacao,free
43,2023-02-28,indicacao,free
43,2023-03-31,indicacao,free
43,2023-04-30,indicacao,free
43,2023-05-31,indicacao,free
43,2023-06-30,indicacao,free
43,2023-07-31,indicacao,free
44,2023-05-31,organico,free
44,2023-06-30,organico,free
45,2023-05-31,organico,premium
45,2023-06-30,organico,premium
45,2023-07-31,organico,premium
45,2023-08-31,organico,premium
45,2023-09-30,organico,premium
45,2023-10-31,organico,premium
45,2023-11-30,organico,premium
46,2023-04-30,organico,free
47,2023-06-30,organico,free
47,2023-07-30,organico,free
47,2023-08-30,organico,free
47,2023-09-30,organico,free
47,2023-10-30,organico,free
47,2023-11-30,organico,free
48,2023-06-30,organico,free
49,2023-09-30,organico,free
49,2023-10-30,organico,free
49,2023-11-30,organico,free
50,2023-04-30,organico,free
50,2023-05-30,organico,free
50,2023-06-30,organico,free
50,2023-07-30,organico,free
50,2023-08-30,organico,free
50,2023-09-30,organico,free
50,2023-10-30,organico,free
50,2023-11-30,organico,free
50,2023-12-30,organico,free
51,2023-03-31,ads,free
51,2023-04-30,ads,free
51,2023-05-31,ads,free
51,2023-06-30,ads,free
51,2023-07-31,ads,free
51,2023-08-31,ads,free
51,2023-09-30,ads,free
52,2023-04-30,indicacao,free
52,2023-05-30,indicacao,free
52,2023-06-30,indicacao,free
52,2023-07-30,indicacao,free
52,2023-08-30,indicacao,free
52,2023-09-30,indicacao,free
52,2023-10-30,indicacao,free
53,2023-02-28,ads,free
53,2023-03-28,ads,free
53,2023-04-28,ads,free
53,2023-05-28,ads,free
53,2023-06-28,ads,free
53,2023-07-28,ads,free
53,2023-08-28,ads,free
53,2023-09-28,ads,free
53,2023-10-28,ads,free
54,2023-09-30,organico,free
54,2023-10-30,organico,free
54,2023-11-30,organico,free
54,2023-12-30,organico,free
55,2023-03-31,organico,free
55,2023-04-30,organico,free
55,2023-05-31,organico,free
55,2023-06-30,organico,free
55,2023-07-31,organico,free
55,2023-08-31,organico,free
55,2023-09-30,organico,free
55,2023-10-31,organico,free
55,2023-11-30,organico,free
56,2023-04-30,organico,free
56,2023-05-30,organico,free
56,2023-06-30,organico,free
56,2023-07-30,organico,free
56,2023-08-30,organico,free
57,2023-05-31,ads,free
57,2023-06-30,ads,free
57,2023-07-31,ads,free
57,2023-08-31,ads,free
57,2023-09-30,ads,free
57,2023-10-31,ads,free
57,2023-11-30,ads,free
57,2023-12-31,ads,free
58,2023-03-31,ads,premium
58,2023-04-30,ads,premium
58,2023-05-31,ads,premium
58,2023-06-30,ads,premium
59,2023-08-31,organico,premium
59,2023-09-30,organico,premium
59,2023-10-31,organico,premium
59,2023-11-30,organico,premium
60,2023-11-30,indicacao,free
60,2023-12-30,indicacao,free
61,2023-04-30,organico,free
61,2023-05-30,organico,free
61,2023-06-30,organico,free
61,2023-07-30,organico,free
61,2023-08-30,organico,free
61,2023-09-30,organico,free
61,2023-10-30,organico,free
61,2023-11-30,organico,free
61,2023-12-30,organico,free
62,2023-03-31,indicacao,free
62,2023-04-30,indicacao,free
63,2023-02-28,ads,free
63,2023-03-28,ads,free
63,2023-04-28,ads,free
63,2023-05-28,ads,free
63,2023-06-28,ads,free
63,2023-07-28,ads,free
63,2023-08-28,ads,free
63,2023-09-28,ads,free
63,2023-10-28,ads,free
64,2023-04-30,ads,free
64,2023-05-30,ads,free
64,2023-06-30,ads,free
64,2023-07-30,ads,free
64,2023-08-30,ads,free
65,2023-04-30,organico,free
65,2023-05-30,organico,free
65,2023-06-30,organico,free
66,2023-01-31,organico,free
66,2023-02-28,organico,free
66,2023-03-31,organico,free
66,2023-04-30,organico,free
66,2023-05-31,organico,free
66,2023-06-30,organico,free
66,2023-07-31,organico,free
66,2023-08-31,organico,free
66,2023-09-30,organico,free
66,2023-10-31,organico,free
66,2023-11-30,organico,free
67,2023-03-31,ads,free
67,2023-04-30,ads,free
67,2023-05-31,ads,free
67,2023-06-30,ads,free
67,2023-07-31,ads,free
67,2023-08-31,ads,free
68,2023-06-30,organico,premium
68,2023-07-30,organico,premium
68,2023-08-30,organico,premium
68,2023-09-30,organico,premium
68,2023-10-30,organico,premium
68,2023-11-30,organico,premium
68,2023-12-30,organico,premium
69,2023-11-30,ads,free
70,2023-05-31,organico,free
70,2023-06-30,organico,free
70,2023-07-31,organico,free
70,2023-08-31,organico,free
71,2023-03-31,ads,free
71,2023-04-30,ads,free
71,2023-05-31,ads,free
71,2023-06-30,ads,free
71,2023-07-31,ads,free
72,2023-06-30,organico,free
72,2023-07-30,organico,free
72,2023-08-30,organico,free
72,2023-09-30,organico,free
72,2023-10-30,organico,free
72,2023-11-30,organico,free
72,2023-12-30,organico,free
73,2023-01-31,organico,free
74,2023-04-30,organico,free
74,2023-05-30,organico,free
74,2023-06-30,organico,free
74,2023-07-30,organico,free
74,2023-08-30,organico,free
74,2023-09-30,organico,free
74,2023-10-30,organico,free
75,2023-01-31,organico,free
75,2023-02-28,organico,free
75,2023-03-31,organico,free
75,2023-04-30,organico,free
75,2023-05-31,organico,free
75,2023-06-30,organico,free
75,2023-07-31,organico,free
75,2023-08-31,organico,free
75,2023-09-30,organico,free
76,2023-10-31,indicacao,free
76,2023-11-30,indicacao,free
76,2023-12-31,indicacao,free
77,2023-08-31,organico,free
77,2023-09-30,organico,free
77,2023-10-31,organico,free
77,2023-11-30,organico,free
77,2023-12-31,organico,free
78,2023-02-28,organico,free
78,2023-03-28,organico,free
78,2023-04-28,organico,free
78,2023-05-28,organico,free
78,2023-06-28,organico,free
78,2023-07-28,organico,free
78,2023-08-28,organico,free
78,2023-09-28,organico,free
78,2023-10-28,organico,free
78,2023-11-28,organico,free
79,2023-01-31,ads,free
79,2023-02-28,ads,free
79,2023-03-31,ads,free
79,2023-04-30,ads,free
79,2023-05-31,ads,free
79,2023-06-30,ads,free
80,2023-07-31,organico,premium
80,2023-08-31,organico,premium
80,2023-09-30,organico,premium
81,2023-02-28,ads,premium
81,2023-03-28,ads,premium
81,2023-04-28,ads,premium
81,2023-05-28,ads,premium
81,2023-06-28,ads,premium
81,2023-07-28,ads,premium
81,2023-08-28,ads,premium
81,2023-09-28,ads,premium
81,2023-10-28,ads,premium
81,2023-11-28,ads,premium
82,2023-07-31,organico,free
83,2023-08-31,ads,free
83,2023-09-30,ads,free
83,2023-10-31,ads,free
84,2023-07-31,organico,free
84,2023-08-31,organico,free
84,2023-09-30,organico,free
84,2023-10-31,organico,free
84,2023-11-30,organico,free
84,2023-12-31,organico,free
85,2023-06-30,organico,free
85,2023-07-30,organico,free
85,2023-08-30,organico,free
85,2023-09-30,organico,free
85,2023-10-30,organico,free
85,2023-11-30,organico,free
86,2023-10-31,ads,free
86,2023-11-30,ads,free
86,2023-12-31,ads,free
87,2023-06-30,organico,free
87,2023-07-30,organico,free
87,2023-08-30,organico,free
87,2023-09-30,organico,free
87,2023-10-30,organico,free
88,2023-01-31,ads,free
88,2023-02-28,ads,free
88,2023-03-31,ads,free
88,2023-04-30,ads,free
88,2023-05-31,ads,free
89,2023-07-31,organico,free
89,2023-08-31,organico,free
89,2023-09-30,organico,free
89,2023-10-31,organico,free
90,2023-03-31,ads,free
90,2023-04-30,ads,free
91,2023-12-31,ads,free
92,2023-03-31,organico,free
92,2023-04-30,organico,free
92,2023-05-31,organico,free
92,2023-06-30,organico,free
92,2023-07-31,organico,free
93,2023-10-31,indicacao,premium
93,2023-11-30,indicacao,premium
93,2023-12-31,indicacao,premium
94,2023-12-31,organico,free
95,2023-02-28,organico,free
95,2023-03-28,organico,free
95,2023-04-28,organico,free
95,2023-05-28,organico,free
95,2023-06-28,organico,free
95,2023-07-28,organico,free
95,2023-08-28,organico,free
95,2023-09-28,organico,free
95,2023-10-28,organico,free
96,2023-08-31,indicacao,free
96,2023-09-30,indicacao,free
96,2023-10-31,indicacao,free
96,2023-11-30,indicacao,free
96,2023-12-31,indicacao,free
97,2023-05-31,ads,free
97,2023-06-30,ads,free
97,2023-07-31,ads,free
97,2023-08-31,ads,free
97,2023-09-30,ads,free
97,2023-10-31,ads,free
97,2023-11-30,ads,free
97,2023-12-31,ads,free
98,2023-03-31,ads,free
98,2023-04-30,ads,free
98,2023-05-31,ads,free
98,2023-06-30,ads,free
98,2023-07-31,ads,free
99,2023-01-31,organico,premium
99,2023-02-28,organico,premium
99,2023-03-31,organico,premium
99,2023-04-30,organico,premium
99,2023-05-31,organico,premium
100,2023-12-31,organico,free
101,2023-07-31,organico,free
101,2023-08-31,organico,free
101,2023-09-30,organico,free
101,2023-10-31,organico,free
101,2023-11-30,organico,free
102,2023-07-31,organico,premium
102,2023-08-31,organico,premium
102,2023-09-30,organico,premium
102,2023-10-31,organico,premium
103,2023-02-28,organico,free
103,2023-03-28,organico,free
103,2023-04-28,organico,free
104,2023-10-31,organico,free
104,2023-11-30,organico,free
104,2023-12-31,organico,free
105,2023-08-31,indicacao,premium
105,2023-09-30,indicacao,premium
105,2023-10-31,indicacao,premium
105,2023-11-30,indicacao,premium
105,2023-12-31,indicacao,premium
106,2023-04-30,organico,free
107,2023-01-31,ads,premium
107,2023-02-28,ads,premium
107,2023-03-31,ads,premium
108,2023-01-31,indicacao,premium
108,2023-02-28,indicacao,premium
109,2023-03-31,ads,free
109,2023-04-30,ads,free
109,2023-05-31,ads,free
109,2023-06-30,ads,free
109,2023-07-31,ads,free
109,2023-08-31,ads,free
109,2023-09-30,ads,free
109,2023-10-31,ads,free
109,2023-11-30,ads,free
109,2023-12-31,ads,free
110,2023-08-31,organico,free
110,2023-09-30,organico,free
111,2023-03-31,organico,free
111,2023-04-30,organico,free
111,2023-05-31,organico,free
111,2023-06-30,organico,free
111,2023-07-31,organico,free
112,2023-02-28,ads,premium
112,2023-03-28,ads,premium
112,2023-04-28,ads,premium
112,2023-05-28,ads,premium
113,2023-09-30,ads,free
113,2023-10-30,ads,free
113,2023-11-30,ads,free
113,2023-12-30,ads,free
114,2023-05-31,ads,premium
115,2023-03-31,organico,free
115,2023-04-30,organico,free
115,2023-05-31,organico,free
115,2023-06-30,organico,free
115,2023-07-31,organico,free
115,2023-08-31,organico,free
115,2023-09-30,organico,free
116,2023-08-31,ads,free
117,2023-07-31,ads,free
117,2023-08-31,ads,free
117,2023-09-30,ads,free
117,2023-10-31,ads,free
117,2023-11-30,ads,free
117,2023-12-31,ads,free
118,2023-01-31,organico,free
118,2023-02-28,organico,free
118,2023-03-31,organico,free
118,2023-04-30,organico,free
118,2023-05-31,organico,free
118,2023-06-30,organico,free
118,2023-07-31,organico,free
118,2023-08-31,organico,free
118,2023-09-30,organico,free
119,2023-06-30,organico,free
119,2023-07-30,organico,free
119,2023-08-30,organico,free
119,2023-09-30,organico,free
120,2023-12-31,indicacao,premium
121,2023-07-31,indicacao,free
121,2023-08-31,indicacao,free
121,2023-09-30,indicacao,free
121,2023-10-31,indicacao,free
122,2023-03-31,organico,free
122,2023-04-30,organico,free
122,2023-05-31,organico,free
122,2023-06-30,organico,free
122,2023-07-31,organico,free
123,2023-03-31,ads,free
123,2023-04-30,ads,free
123,2023-05-31,ads,free
123,2023-06-30,ads,free
123,2023-07-31,ads,free
124,2023-04-30,indicacao,free
124,2023-05-30,indicacao,free
124,2023-06-30,indicacao,free
124,2023-07-30,indicacao,free
124,2023-08-30,indicacao,free
124,2023-09-30,indicacao,free
124,2023-10-30,indicacao,free
125,2023-05-31,organico,free
125,2023-06-30,organico,free
125,2023-07-31,organico,free
125,2023-08-31,organico,free
125,2023-09-30,organico,free
125,2023-10-31,organico,free
125,2023-11-30,organico,free
125,2023-12-31,organico,free
126,2023-05-31,ads,free
126,2023-06-30,ads,free
126,2023-07-31,ads,free
126,2023-08-31,ads,free
126,2023-09-30,ads,free
126,2023-10-31,ads,free
126,2023-11-30,ads,free
126,2023-12-31,ads,free
127,2023-02-28,indicacao,free
127,2023-03-28,indicacao,free
127,2023-04-28,indicacao,free
127,2023-05-28,indicacao,free
127,2023-06-28,indicacao,free
127,2023-07-28,indicacao,free
127,2023-08-28,indicacao,free
127,2023-09-28,indicacao,free
127,2023-10-28,indicacao,free
127,2023-11-28,indicacao,free
128,2023-12-31,ads,premium
129,2023-10-31,organico,premium
129,2023-11-30,organico,premium
130,2023-05-31,organico,free
130,2023-06-30,organico,free
130,2023-07-31,organico,free
130,2023-08-31,organico,free
130,2023-09-30,organico,free
130,2023-10-31,organico,free
130,2023-11-30,organico,free
130,2023-12-31,organico,free
131,2023-01-31,ads,free
131,2023-02-28,ads,free
131,2023-03-31,ads,free
131,2023-04-30,ads,free
131,2023-05-31,ads,free
131,2023-06-30,ads,free
131,2023-07-31,ads,free
132,2023-09-30,organico,free
132,2023-10-30,organico,free
132,2023-11-30,organico,free
133,2023-12-31,organico,free
134,2023-03-31,organico,free
134,2023-04-30,organico,free
135,2023-12-31,organico,free
136,2023-09-30,ads,free
136,2023-10-30,ads,free
136,2023-11-30,ads,free
136,2023-12-30,ads,free
137,2023-12-31,organico,premium
138,2023-05-31,indicacao,free
138,2023-06-30,indicacao,free
138,2023-07-31,indicacao,free
138,2023-08-31,indicacao,free
138,2023-09-30,indicacao,free
139,2023-06-30,indicacao,premium
139,2023-07-30,indicacao,premium
139,2023-08-30,indicacao,premium
139,2023-09-30,indicacao,premium
140,2023-03-31,ads,free
140,2023-04-30,ads,free
140,2023-05-31,ads,free
140,2023-06-30,ads,free
140,2023-07-31,ads,free
140,2023-08-31,ads,free
140,2023-09-30,ads,free
140,2023-10-31,ads,free
140,2023-11-30,ads,free
141,2023-01-31,ads,free
141,2023-02-28,ads,free
141,2023-03-31,ads,free
141,2023-04-30,ads,free
141,2023-05-31,ads,free
142,2023-06-30,organico,premium
142,2023-07-30,organico,premium
142,2023-08-30,organico,premium
142,2023-09-30,organico,premium
142,2023-10-30,organico,premium
142,2023-11-30,organico,premium
142,2023-12-30,organico,premium
143,2023-11-30,organico,premium
143,2023-12-30,organico,premium
144,2023-06-30,organico,free
144,2023-07-30,organico,free
144,2023-08-30,organico,free
144,2023-09-30,organico,free
144,2023-10-30,organico,free
144,2023-11-30,organico,free
144,2023-12-30,organico,free
145,2023-10-31,organico,free
145,2023-11-30,organico,free
145,2023-12-31,organico,free
146,2023-12-31,organico,free
147,2023-04-30,indicacao,free
148,2023-09-30,organico,premium
148,2023-10-30,organico,premium
148,2023-11-30,organico,premium
149,2023-06-30,indicacao,free
149,2023-07-30,indicacao,free
149,2023-08-30,indicacao,free
149,2023-09-30,indicacao,free
149,2023-10-30,indicacao,free
149,2023-11-30,indicacao,free
149,2023-12-30,indicacao,free
150,2023-02-28,organico,premium
150,2023-03-28,organico,premium
150,2023-04-28,organico,premium
150,2023-05-28,organico,premium
150,2023-06-28,organico,premium
150,2023-07-28,organico,premium
150,2023-08-28,organico,premium
150,2023-09-28,organico,premium
150,2023-10-28,organico,premium
150,2023-11-28,organico,premium
150,2023-12-28,organico,premium
151,2023-05-31,organico,free
152,2023-02-28,indicacao,free
152,2023-03-28,indicacao,free
152,2023-04-28,indicacao,free
152,2023-05-28,indicacao,free
152,2023-06-28,indicacao,free
153,2023-10-31,organico,premium
153,2023-11-30,organico,premium
153,2023-12-31,organico,premium
154,2023-01-31,ads,free
154,2023-02-28,ads,free
154,2023-03-31,ads,free
155,2023-01-31,organico,free
156,2023-05-31,indicacao,premium
156,2023-06-30,indicacao,premium
156,2023-07-31,indicacao,premium
156,2023-08-31,indicacao,premium
156,2023-09-30,indicacao,premium
157,2023-07-31,ads,premium
157,2023-08-31,ads,premium
157,2023-09-30,ads,premium
157,2023-10-31,ads,premium
157,2023-11-30,ads,premium
157,2023-12-31,ads,premium
158,2023-03-31,organico,free
159,2023-03-31,organico,free
160,2023-01-31,ads,free
160,2023-02-28,ads,free
160,2023-03-31,ads,free
160,2023-04-30,ads,free
160,2023-05-31,ads,free
160,2023-06-30,ads,free
160,2023-07-31,ads,free
160,2023-08-31,ads,free
161,2023-07-31,ads,free
161,2023-08-31,ads,free
161,2023-09-30,ads,free
161,2023-10-31,ads,free
161,2023-11-30,ads,free
161,2023-12-31,ads,free
162,2023-03-31,organico,premium
162,2023-04-30,organico,premium
162,2023-05-31,organico,premium
162,2023-06-30,organico,premium
162,2023-07-31,organico,premium
162,2023-08-31,organico,premium
163,2023-12-31,organico,premium
164,2023-01-31,organico,free
164,2023-02-28,organico,free
164,2023-03-31,organico,free
164,2023-04-30,organico,free
164,2023-05-31,organico,free
165,2023-05-31,ads,premium
165,2023-06-30,ads,premium
165,2023-07-31,ads,premium
165,2023-08-31,ads,premium
165,2023-09-30,ads,premium
165,2023-10-31,ads,premium
165,2023-11-30,ads,premium
166,2023-06-30,ads,premium
166,2023-07-30,ads,premium
167,2023-02-28,ads,free
167,2023-03-28,ads,free
167,2023-04-28,ads,free
168,2023-02-28,organico,free
168,2023-03-28,organico,free
168,2023-04-28,organico,free
168,2023-05-28,organico,free
168,2023-06-28,organico,free
168,2023-07-28,organico,free
168,2023-08-28,organico,free
168,2023-09-28,organico,free
169,2023-12-31,organico,free
170,2023-05-31,ads,free
171,2023-10-31,ads,free
171,2023-11-30,ads,free
171,2023-12-31,ads,free
172,2023-02-28,ads,free
172,2023-03-28,ads,free
172,2023-04-28,ads,free
172,2023-05-28,ads,free
172,2023-06-28,ads,free
172,2023-07-28,ads,free
172,2023-08-28,ads,free
172,2023-09-28,ads,free
172,2023-10-28,ads,free
172,2023-11-28,ads,free
172,2023-12-28,ads,free
173,2023-11-30,organico,free
173,2023-12-30,organico,free
174,2023-07-31,organico,free
174,2023-08-31,organico,free
174,2023-09-30,organico,free
174,2023-10-31,organico,free
174,2023-11-30,organico,free
174,2023-12-31,organico,free
175,2023-08-31,organico,free
175,2023-09-30,organico,free
175,2023-10-31,organico,free
175,2023-11-30,organico,free
175,2023-12-31,organico,free
176,2023-03-31,ads,free
176,2023-04-30,ads,free
177,2023-10-31,organico,premium
177,2023-11-30,organico,premium
178,2023-12-31,organico,free
179,2023-01-31,organico,free
179,2023-02-28,organico,free
180,2023-01-31,organico,free
180,2023-02-28,organico,free
180,2023-03-31,organico,free
180,2023-04-30,organico,free
180,2023-05-31,organico,free
180,2023-06-30,organico,free
180,2023-07-31,organico,free
180,2023-08-31,organico,free
180,2023-09-30,organico,free
181,2023-10-31,ads,free
181,2023-11-30,ads,free
181,2023-12-31,ads,free
182,2023-11-30,indicacao,free
182,2023-12-30,indicacao,free
183,2023-04-30,ads,free
183,2023-05-30,ads,free
183,2023-06-30,ads,free
183,2023-07-30,ads,free
184,2023-08-31,organico,free
184,2023-09-30,organico,free
184,2023-10-31,organico,free
184,2023-11-30,organico,free
184,2023-12-31,organico,free
185,2023-08-31,ads,free
185,2023-09-30,ads,free
185,2023-10-31,ads,free
185,2023-11-30,ads,free
185,2023-12-31,ads,free
186,2023-08-31,organico,free
186,2023-09-30,organico,free
186,2023-10-31,organico,free
186,2023-11-30,organico,free
186,2023-12-31,organico,free
187,2023-11-30,organico,free
187,2023-12-30,organico,free
188,2023-06-30,organico,free
188,2023-07-30,organico,free
188,2023-08-30,organico,free
188,2023-09-30,organico,free
188,2023-10-30,organico,free
188,2023-11-30,organico,free
188,2023-12-30,organico,free
189,2023-07-31,organico,free
189,2023-08-31,organico,free
189,2023-09-30,organico,free
189,2023-10-31,organico,free
189,2023-11-30,organico,free
189,2023-12-31,organico,free
190,2023-01-31,organico,free
190,2023-02-28,organico,free
190,2023-03-31,organico,free
190,2023-04-30,organico,free
190,2023-05-31,organico,free
190,2023-06-30,organico,free
190,2023-07-31,organico,free
190,2023-08-31,organico,free
190,2023-09-30,organico,free
191,2023-01-31,organico,free
191,2023-02-28,organico,free
191,2023-03-31,organico,free
191,2023-04-30,organico,free
191,2023-05-31,organico,free
191,2023-06-30,organico,free
191,2023-07-31,organico,free
191,2023-08-31,organico,free
191,2023-09-30,organico,free
191,2023-10-31,organico,free
192,2023-03-31,ads,free
192,2023-04-30,ads,free
192,2023-05-31,ads,free
192,2023-06-30,ads,free
193,2023-06-30,organico,free
194,2023-12-31,organico,free
195,2023-04-30,ads,free
195,2023-05-30,ads,free
195,2023-06-30,ads,free
195,2023-07-30,ads,free
195,2023-08-30,ads,free
195,2023-09-30,ads,free
195,2023-10-30,ads,free
195,2023-11-30,ads,free
196,2023-11-30,indicacao,free
197,2023-05-31,organico,free
197,2023-06-30,organico,free
197,2023-07-31,organico,free
197,2023-08-31,organico,free
197,2023-09-30,organico,free
197,2023-10-31,organico,free
197,2023-11-30,organico,free
198,2023-04-30,ads,free
198,2023-05-30,ads,free
198,2023-06-30,ads,free
198,2023-07-30,ads,free
198,2023-08-30,ads,free
198,2023-09-30,ads,free
198,2023-10-30,ads,free
198,2023-11-30,ads,free
199,2023-07-31,ads,free
199,2023-08-31,ads,free
199,2023-09-30,ads,free
199,2023-10-31,ads,free
199,2023-11-30,ads,free
199,2023-12-31,ads,free
200,2023-05-31,indicacao,free
200,2023-06-30,indicacao,free
201,2023-04-30,indicacao,premium
201,2023-05-30,indicacao,premium
201,2023-06-30,indicacao,premium
201,2023-07-30,indicacao,premium
201,2023-08-30,indicacao,premium
201,2023-09-30,indicacao,premium
202,2023-06-30,organico,free
202,2023-07-30,organico,free
202,2023-08-30,organico,free
203,2023-09-30,ads,free
203,2023-10-30,ads,free
203,2023-11-30,ads,free
203,2023-12-30,ads,free
204,2023-03-31,ads,free
204,2023-04-30,ads,free
204,2023-05-31,ads,free
204,2023-06-30,ads,free
204,2023-07-31,ads,free
204,2023-08-31,ads,free
204,2023-09-30,ads,free
204,2023-10-31,ads,free
204,2023-11-30,ads,free
204,2023-12-31,ads,free
205,2023-06-30,ads,free
205,2023-07-30,ads,free
205,2023-08-30,ads,free
205,2023-09-30,ads,free
206,2023-01-31,organico,free
206,2023-02-28,organico,free
206,2023-03-31,organico,free
206,2023-04-30,organico,free
206,2023-05-31,organico,free
206,2023-06-30,organico,free
207,2023-05-31,organico,premium
207,2023-06-30,organico,premium
207,2023-07-31,organico,premium
207,2023-08-31,organico,premium
207,2023-09-30,organico,premium
207,2023-10-31,organico,premium
207,2023-11-30,organico,premium
207,2023-12-31,organico,premium
208,2023-03-31,organico,free
208,2023-04-30,organico,free
208,2023-05-31,organico,free
208,2023-06-30,organico,free
208,2023-07-31,organico,free
208,2023-08-31,organico,free
208,2023-09-30,organico,free
208,2023-10-31,organico,free
208,2023-11-30,organico,free
208,2023-12-31,organico,free
209,2023-05-31,organico,premium
209,2023-06-30,organico,premium
209,2023-07-31,organico,premium
209,2023-08-31,organico,premium
209,2023-09-30,organico,premium
209,2023-10-31,organico,premium
209,2023-11-30,organico,premium
209,2023-12-31,organico,premium
210,2023-02-28,organico,free
210,2023-03-28,organico,free
210,2023-04-28,organico,free
210,2023-05-28,organico,free
210,2023-06-28,organico,free
210,2023-07-28,organico,free
210,2023-08-28,organico,free
210,2023-09-28,organico,free
210,2023-10-28,organico,free
211,2023-01-31,organico,free
211,2023-02-28,organico,free
211,2023-03-31,organico,free
211,2023-04-30,organico,free
211,2023-05-31,organico,free
211,2023-06-30,organico,free
212,2023-07-31,ads,free
212,2023-08-31,ads,free
212,2023-09-30,ads,free
212,2023-10-31,ads,free
212,2023-11-30,ads,free
213,2023-12-31,indicacao,free
214,2023-11-30,indicacao,free
214,2023-12-30,indicacao,free
215,2023-01-31,ads,free
215,2023-02-28,ads,free
215,2023-03-31,ads,free
215,2023-04-30,ads,free
215,2023-05-31,ads,free
215,2023-06-30,ads,free
215,2023-07-31,ads,free
215,2023-08-31,ads,free
216,2023-11-30,ads,free
216,2023-12-30,ads,free
217,2023-05-31,organico,free
217,2023-06-30,organico,free
217,2023-07-31,organico,free
217,2023-08-31,organico,free
217,2023-09-30,organico,free
217,2023-10-31,organico,free
217,2023-11-30,organico,free
217,2023-12-31,organico,free
218,2023-04-30,organico,free
218,2023-05-30,organico,free
219,2023-08-31,organico,free
219,2023-09-30,organico,free
219,2023-10-31,organico,free
220,2023-06-30,organico,free
221,2023-09-30,organico,free
221,2023-10-30,organico,free
222,2023-05-31,indicacao,free
222,2023-06-30,indicacao,free
222,2023-07-31,indicacao,free
223,2023-06-30,indicacao,free
223,2023-07-30,indicacao,free
223,2023-08-30,indicacao,free
223,2023-09-30,indicacao,free
223,2023-10-30,indicacao,free
223,2023-11-30,indicacao,free
223,2023-12-30,indicacao,free
224,2023-10-31,organico,free
225,2023-04-30,ads,free
225,2023-05-30,ads,free
225,2023-06-30,ads,free
225,2023-07-30,ads,free
225,2023-08-30,ads,free
225,2023-09-30,ads,free
226,2023-09-30,organico,free
226,2023-10-30,organico,free
226,2023-11-30,organico,free
226,2023-12-30,organico,free
227,2023-01-31,organico,free
227,2023-02-28,organico,free
227,2023-03-31,organico,free
227,2023-04-30,organico,free
227,2023-05-31,organico,free
227,2023-06-30,organico,free
227,2023-07-31,organico,free
227,2023-08-31,organico,free
227,2023-09-30,organico,free
227,2023-10-31,organico,free
228,2023-05-31,ads,free
228,2023-06-30,ads,free
228,2023-07-31,ads,free
228,2023-08-31,ads,free
228,2023-09-30,ads,free
228,2023-10-31,ads,free
229,2023-04-30,organico,free
229,2023-05-30,organico,free
229,2023-06-30,organico,free
229,2023-07-30,organico,free
229,2023-08-30,organico,free
229,2023-09-30,organico,free
229,2023-10-30,organico,free
229,2023-11-30,organico,free
230,2023-05-31,organico,free
230,2023-06-30,organico,free
231,2023-11-30,ads,free
231,2023-12-30,ads,free
232,2023-10-31,organico,free
232,2023-11-30,organico,free
232,2023-12-31,organico,free
233,2023-10-31,organico,free
233,2023-11-30,organico,free
233,2023-12-31,organico,free
234,2023-10-31,indicacao,free
234,2023-11-30,indicacao,free
234,2023-12-31,indicacao,free
235,2023-02-28,ads,free
235,2023-03-28,ads,free
235,2023-04-28,ads,free
235,2023-05-28,ads,free
235,2023-06-28,ads,free
235,2023-07-28,ads,free
235,2023-08-28,ads,free
235,2023-09-28,ads,free
235,2023-10-28,ads,free
235,2023-11-28,ads,free
235,2023-12-28,ads,free
236,2023-12-31,organico,premium
237,2023-08-31,organico,free
238,2023-12-31,organico,free
239,2023-08-31,ads,premium
240,2023-05-31,indicacao,premium
240,2023-06-30,indicacao,premium
240,2023-07-31,indicacao,premium
240,2023-08-31,indicacao,premium
240,2023-09-30,indicacao,premium
240,2023-10-31,indicacao,premium
241,2023-07-31,indicacao,premium
241,2023-08-31,indicacao,premium
241,2023-09-30,indicacao,premium
241,2023-10-31,indicacao,premium
241,2023-11-30,indicacao,premium
241,2023-12-31,indicacao,premium
242,2023-03-31,organico,free
242,2023-04-30,organico,free
242,2023-05-31,organico,free
242,2023-06-30,organico,free
242,2023-07-31,organico,free
242,2023-08-31,organico,free
242,2023-09-30,organico,free
242,2023-10-31,organico,free
242,2023-11-30,organico,free
243,2023-05-31,organico,premium
243,2023-06-30,organico,premium
243,2023-07-31,organico,premium
243,2023-08-31,organico,premium
243,2023-09-30,organico,premium
244,2023-10-31,organico,free
244,2023-11-30,organico,free
244,2023-12-31,organico,free
245,2023-10-31,indicacao,free
245,2023-11-30,indicacao,free
246,2023-11-30,ads,free
246,2023-12-30,ads,free
247,2023-11-30,organico,free
247,2023-12-30,organico,free
248,2023-09-30,organico,free
248,2023-10-30,organico,free
248,2023-11-30,organico,free
248,2023-12-30,organico,free
249,2023-01-31,organico,free
249,2023-02-28,organico,free
249,2023-03-31,organico,free
249,2023-04-30,organico,free
249,2023-05-31,organico,free
249,2023-06-30,organico,free
250,2023-10-31,organico,free
250,2023-11-30,organico,free
250,2023-12-31,organico,free
251,2023-01-31,indicacao,free
251,2023-02-28,indicacao,free
251,2023-03-31,indicacao,free
251,2023-04-30,indicacao,free
251,2023-05-31,indicacao,free
251,2023-06-30,indicacao,free
252,2023-06-30,organico,premium
253,2023-07-31,organico,free
253,2023-08-31,organico,free
253,2023-09-30,organico,free
253,2023-10-31,organico,free
253,2023-11-30,organico,free
253,2023-12-31,organico,free
254,2023-03-31,organico,premium
255,2023-08-31,organico,free
255,2023-09-30,organico,free
255,2023-10-31,organico,free
256,2023-02-28,organico,free
256,2023-03-28,organico,free
257,2023-06-30,ads,free
257,2023-07-30,ads,free
257,2023-08-30,ads,free
257,2023-09-30,ads,free
257,2023-10-30,ads,free
257,2023-11-30,ads,free
257,2023-12-30,ads,free
258,2023-07-31,indicacao,free
258,2023-08-31,indicacao,free
258,2023-09-30,indicacao,free
258,2023-10-31,indicacao,free
258,2023-11-30,indicacao,free
258,2023-12-31,indicacao,free
259,2023-03-31,ads,free
259,2023-04-30,ads,free
259,2023-05-31,ads,free
259,2023-06-30,ads,free
259,2023-07-31,ads,free
259,2023-08-31,ads,free
259,2023-09-30,ads,free
260,2023-07-31,organico,free
260,2023-08-31,organico,free
260,2023-09-30,organico,free
260,2023-10-31,organico,free
260,2023-11-30,organico,free
260,2023-12-31,organico,free
261,2023-01-31,organico,free
261,2023-02-28,organico,free
261,2023-03-31,organico,free
261,2023-04-30,organico,free
261,2023-05-31,organico,free
261,2023-06-30,organico,free
261,2023-07-31,organico,free
262,2023-11-30,organico,free
262,2023-12-30,organico,free
263,2023-05-31,organico,free
263,2023-06-30,organico,free
263,2023-07-31,organico,free
263,2023-08-31,organico,free
263,2023-09-30,organico,free
263,2023-10-31,organico,free
263,2023-11-30,organico,free
263,2023-12-31,organico,free
264,2023-02-28,ads,premium
264,2023-03-28,ads,premium
264,2023-04-28,ads,premium
264,2023-05-28,ads,premium
264,2023-06-28,ads,premium
264,2023-07-28,ads,premium
264,2023-08-28,ads,premium
264,2023-09-28,ads,premium
265,2023-11-30,indicacao,premium
265,2023-12-30,indicacao,premium
266,2023-05-31,organico,free
266,2023-06-30,organico,free
267,2023-07-31,ads,free
267,2023-08-31,ads,free
267,2023-09-30,ads,free
267,2023-10-31,ads,free
267,2023-11-30,ads,free
268,2023-03-31,organico,premium
268,2023-04-30,organico,premium
269,2023-02-28,indicacao,free
269,2023-03-28,indicacao,free
269,2023-04-28,indicacao,free
269,2023-05-28,indicacao,free
269,2023-06-28,indicacao,free
269,2023-07-28,indicacao,free
269,2023-08-28,indicacao,free
269,2023-09-28,indicacao,free
269,2023-10-28,indicacao,free
269,2023-11-28,indicacao,free
269,2023-12-28,indicacao,free
270,2023-10-31,ads,free
270,2023-11-30,ads,free
270,2023-12-31,ads,free
271,2023-12-31,ads,free
272,2023-02-28,ads,free
272,2023-03-28,ads,free
272,2023-04-28,ads,free
272,2023-05-28,ads,free
272,2023-06-28,ads,free
272,2023-07-28,ads,free
272,2023-08-28,ads,free
272,2023-09-28,ads,free
272,2023-10-28,ads,free
272,2023-11-28,ads,free
273,2023-06-30,ads,free
273,2023-07-30,ads,free
273,2023-08-30,ads,free
273,2023-09-30,ads,free
273,2023-10-30,ads,free
273,2023-11-30,ads,free
273,2023-12-30,ads,free
274,2023-11-30,ads,free
275,2023-02-28,organico,free
275,2023-03-28,organico,free
275,2023-04-28,organico,free
275,2023-05-28,organico,free
275,2023-06-28,organico,free
275,2023-07-28,organico,free
275,2023-08-28,organico,free
275,2023-09-28,organico,free
276,2023-02-28,ads,free
276,2023-03-28,ads,free
276,2023-04-28,ads,free
276,2023-05-28,ads,free
276,2023-06-28,ads,free
276,2023-07-28,ads,free
277,2023-06-30,ads,premium
277,2023-07-30,ads,premium
277,2023-08-30,ads,premium
277,2023-09-30,ads,premium
277,2023-10-30,ads,premium
277,2023-11-30,ads,premium
277,2023-12-30,ads,premium
278,2023-02-28,organico,free
278,2023-03-28,organico,free
279,2023-05-31,ads,free
279,2023-06-30,ads,free
280,2023-01-31,organico,free
280,2023-02-28,organico,free
280,2023-03-31,organico,free
280,2023-04-30,organico,free
280,2023-05-31,organico,free
280,2023-06-30,organico,free
280,2023-07-31,organico,free
281,2023-05-31,organico,free
281,2023-06-30,organico,free
281,2023-07-31,organico,free
281,2023-08-31,organico,free
281,2023-09-30,organico,free
281,2023-10-31,organico,free
281,2023-11-30,organico,free
281,2023-12-31,organico,free
282,2023-06-30,ads,free
282,2023-07-30,ads,free
282,2023-08-30,ads,free
282,2023-09-30,ads,free
282,2023-10-30,ads,free
282,2023-11-30,ads,free
282,2023-12-30,ads,free
283,2023-05-31,organico,premium
283,2023-06-30,organico,premium
283,2023-07-31,organico,premium
283,2023-08-31,organico,premium
283,2023-09-30,organico,premium
283,2023-10-31,organico,premium
283,2023-11-30,organico,premium
283,2023-12-31,organico,premium
284,2023-05-31,organico,free
284,2023-06-30,organico,free
285,2023-12-31,indicacao,free
286,2023-04-30,ads,free
286,2023-05-30,ads,free
286,2023-06-30,ads,free
286,2023-07-30,ads,free
286,2023-08-30,ads,free
286,2023-09-30,ads,free
286,2023-10-30,ads,free
286,2023-11-30,ads,free
286,2023-12-30,ads,free
287,2023-08-31,organico,premium
287,2023-09-30,organico,premium
287,2023-10-31,organico,premium
287,2023-11-30,organico,premium
287,2023-12-31,organico,premium
288,2023-07-31,ads,premium
288,2023-08-31,ads,premium
288,2023-09-30,ads,premium
288,2023-10-31,ads,premium
288,2023-11-30,ads,premium
288,2023-12-31,ads,premium
289,2023-08-31,indicacao,free
290,2023-10-31,organico,free
290,2023-11-30,organico,free
290,2023-12-31,organico,free
291,2023-04-30,organico,free
291,2023-05-30,organico,free
291,2023-06-30,organico,free
291,2023-07-30,organico,free
291,2023-08-30,organico,free
291,2023-09-30,organico,free
291,2023-10-30,organico,free
291,2023-11-30,organico,free
291,2023-12-30,organico,free
292,2023-02-28,ads,free
292,2023-03-28,ads,free
292,2023-04-28,ads,free
292,2023-05-28,ads,free
292,2023-06-28,ads,free
292,2023-07-28,ads,free
292,2023-08-28,ads,free
292,2023-09-28,ads,free
292,2023-10-28,ads,free
293,2023-09-30,organico,free
293,2023-10-30,organico,free
293,2023-11-30,organico,free
293,2023-12-30,organico,free
294,2023-08-31,organico,free
294,2023-09-30,organico,free
294,2023-10-31,organico,free
295,2023-02-28,ads,free
295,2023-03-28,ads,free
295,2023-04-28,ads,free
295,2023-05-28,ads,free
295,2023-06-28,ads,free
295,2023-07-28,ads,free
296,2023-02-28,organico,free
296,2023-03-28,organico,free
296,2023-04-28,organico,free
296,2023-05-28,organico,free
296,2023-06-28,organico,free
296,2023-07-28,organico,free
296,2023-08-28,organico,free
296,2023-09-28,organico,free
296,2023-10-28,organico,free
296,2023-11-28,organico,free
296,2023-12-28,organico,free
297,2023-11-30,indicacao,free
297,2023-12-30,indicacao,free
298,2023-07-31,organico,free
298,2023-08-31,organico,free
298,2023-09-30,organico,free
298,2023-10-31,organico,free
298,2023-11-30,organico,free
298,2023-12-31,organico,free
299,2023-03-31,ads,premium
299,2023-04-30,ads,premium
299,2023-05-31,ads,premium
299,2023-06-30,ads,premium
299,2023-07-31,ads,premium
299,2023-08-31,ads,premium
299,2023-09-30,ads,premium
300,2023-05-31,ads,premium
300,2023-06-30,ads,premium
300,2023-07-31,ads,premium
300,2023-08-31,ads,premium
300,2023-09-30,ads,premium
300,2023-10-31,ads,premium
300,2023-11-30,ads,premium
300,2023-12-31,ads,premium
301,2023-02-28,organico,free
301,2023-03-28,organico,free
301,2023-04-28,organico,free
301,2023-05-28,organico,free
301,2023-06-28,organico,free
301,2023-07-28,organico,free
301,2023-08-28,organico,free
301,2023-09-28,organico,free
301,2023-10-28,organico,free
301,2023-11-28,organico,free
302,2023-09-30,indicacao,free
302,2023-10-30,indicacao,free
302,2023-11-30,indicacao,free
302,2023-12-30,indicacao,free
303,2023-07-31,indicacao,free
303,2023-08-31,indicacao,free
303,2023-09-30,indicacao,free
303,2023-10-31,indicacao,free
303,2023-11-30,indicacao,free
303,2023-12-31,indicacao,free
304,2023-10-31,organico,free
304,2023-11-30,organico,free
304,2023-12-31,organico,free
305,2023-09-30,organico,free
305,2023-10-30,organico,free
305,2023-11-30,organico,free
305,2023-12-30,organico,free
306,2023-07-31,ads,free
306,2023-08-31,ads,free
306,2023-09-30,ads,free
306,2023-10-31,ads,free
307,2023-07-31,organico,free
307,2023-08-31,organico,free
307,2023-09-30,organico,free
307,2023-10-31,organico,free
307,2023-11-30,organico,free
307,2023-12-31,organico,free
308,2023-01-31,ads,free
308,2023-02-28,ads,free
309,2023-03-31,ads,free
309,2023-04-30,ads,free
309,2023-05-31,ads,free
309,2023-06-30,ads,free
309,2023-07-31,ads,free
309,2023-08-31,ads,free
309,2023-09-30,ads,free
310,2023-07-31,organico,free
311,2023-04-30,ads,free
311,2023-05-30,ads,free
312,2023-01-31,ads,free
312,2023-02-28,ads,free
313,2023-07-31,organico,premium
313,2023-08-31,organico,premium
313,2023-09-30,organico,premium
313,2023-10-31,organico,premium
313,2023-11-30,organico,premium
313,2023-12-31,organico,premium
314,2023-07-31,organico,free
314,2023-08-31,organico,free
314,2023-09-30,organico,free
315,2023-11-30,indicacao,free
316,2023-05-31,organico,free
316,2023-06-30,organico,free
316,2023-07-31,organico,free
316,2023-08-31,organico,free
316,2023-09-30,organico,free
316,2023-10-31,organico,free
316,2023-11-30,organico,free
316,2023-12-31,organico,free
317,2023-10-31,organico,free
317,2023-11-30,organico,free
317,2023-12-31,organico,free
318,2023-05-31,ads,free
318,2023-06-30,ads,free
318,2023-07-31,ads,free
318,2023-08-31,ads,free
318,2023-09-30,ads,free
318,2023-10-31,ads,free
318,2023-11-30,ads,free
318,2023-12-31,ads,free
319,2023-02-28,organico,free
319,2023-03-28,organico,free
319,2023-04-28,organico,free
319,2023-05-28,organico,free
319,2023-06-28,organico,free
319,2023-07-28,organico,free
319,2023-08-28,organico,free
319,2023-09-28,organico,free
319,2023-10-28,organico,free
320,2023-01-31,indicacao,free
321,2023-09-30,ads,free
321,2023-10-30,ads,free
321,2023-11-30,ads,free
321,2023-12-30,ads,free
322,2023-05-31,ads,free
322,2023-06-30,ads,free
322,2023-07-31,ads,free
322,2023-08-31,ads,free
322,2023-09-30,ads,free
322,2023-10-31,ads,free
323,2023-07-31,ads,premium
323,2023-08-31,ads,premium
323,2023-09-30,ads,premium
323,2023-10-31,ads,premium
323,2023-11-30,ads,premium
323,2023-12-31,ads,premium
324,2023-02-28,organico,premium
324,2023-03-28,organico,premium
324,2023-04-28,organico,premium
324,2023-05-28,organico,premium
324,2023-06-28,organico,premium
324,2023-07-28,organico,premium
324,2023-08-28,organico,premium
324,2023-09-28,organico,premium
324,2023-10-28,organico,premium
324,2023-11-28,organico,premium
324,2023-12-28,organico,premium
325,2023-08-31,indicacao,free
325,2023-09-30,indicacao,free
325,2023-10-31,indicacao,free
325,2023-11-30,indicacao,free
325,2023-12-31,indicacao,free
326,2023-03-31,organico,free
326,2023-04-30,organico,free
327,2023-09-30,organico,free
327,2023-10-30,organico,free
327,2023-11-30,organico,free
328,2023-08-31,organico,free
328,2023-09-30,organico,free
328,2023-10-31,organico,free
328,2023-11-30,organico,free
328,2023-12-31,organico,free
329,2023-01-31,organico,free
330,2023-11-30,organico,free
331,2023-08-31,ads,free
331,2023-09-30,ads,free
331,2023-10-31,ads,free
331,2023-11-30,ads,free
331,2023-12-31,ads,free
332,2023-09-30,organico,free
332,2023-10-30,organico,free
333,2023-11-30,ads,free
333,2023-12-30,ads,free
334,2023-03-31,indicacao,premium
334,2023-04-30,indicacao,premium
334,2023-05-31,indicacao,premium
334,2023-06-30,indicacao,premium
334,2023-07-31,indicacao,premium
334,2023-08-31,indicacao,premium
334,2023-09-30,indicacao,premium
334,2023-10-31,indicacao,premium
334,2023-11-30,indicacao,premium
335,2023-08-31,indicacao,free
335,2023-09-30,indicacao,free
336,2023-08-31,organico,free
336,2023-09-30,organico,free
336,2023-10-31,organico,free
336,2023-11-30,organico,free
336,2023-12-31,organico,free
337,2023-05-31,organico,free
337,2023-06-30,organico,free
337,2023-07-31,organico,free
337,2023-08-31,organico,free
337,2023-09-30,organico,free
338,2023-12-31,organico,premium
339,2023-02-28,organico,free
339,2023-03-28,organico,free
339,2023-04-28,organico,free
340,2023-10-31,organico,free
340,2023-11-30,organico,free
340,2023-12-31,organico,free
341,2023-11-30,ads,free
341,2023-12-30,ads,free
342,2023-03-31,ads,free
342,2023-04-30,ads,free
342,2023-05-31,ads,free
342,2023-06-30,ads,free
342,2023-07-31,ads,free
342,2023-08-31,ads,free
342,2023-09-30,ads,free
342,2023-10-31,ads,free
342,2023-11-30,ads,free
342,2023-12-31,ads,free
343,2023-11-30,organico,free
343,2023-12-30,organico,free
344,2023-05-31,ads,free
344,2023-06-30,ads,free
344,2023-07-31,ads,free
344,2023-08-31,ads,free
344,2023-09-30,ads,free
344,2023-10-31,ads,free
345,2023-12-31,organico,premium
346,2023-09-30,organico,premium
346,2023-10-30,organico,premium
346,2023-11-30,organico,premium
346,2023-12-30,organico,premium
347,2023-11-30,organico,premium
347,2023-12-30,organico,premium
348,2023-04-30,organico,free
348,2023-05-30,organico,free
348,2023-06-30,organico,free
348,2023-07-30,organico,free
348,2023-08-30,organico,free
348,2023-09-30,organico,free
348,2023-10-30,organico,free
349,2023-02-28,organico,free
350,2023-09-30,ads,free
350,2023-10-30,ads,free
350,2023-11-30,ads,free
350,2023-12-30,ads,free
351,2023-03-31,organico,free
351,2023-04-30,organico,free
351,2023-05-31,organico,free
351,2023-06-30,organico,free
351,2023-07-31,organico,free
351,2023-08-31,organico,free
351,2023-09-30,organico,free
352,2023-10-31,organico,premium
352,2023-11-30,organico,premium
352,2023-12-31,organico,premium
353,2023-06-30,indicacao,free
353,2023-07-30,indicacao,free
354,2023-04-30,organico,free
354,2023-05-30,organico,free
354,2023-06-30,organico,free
354,2023-07-30,organico,free
354,2023-08-30,organico,free
354,2023-09-30,organico,free
355,2023-01-31,organico,free
355,2023-02-28,organico,free
355,2023-03-31,organico,free
355,2023-04-30,organico,free
355,2023-05-31,organico,free
355,2023-06-30,organico,free
355,2023-07-31,organico,free
355,2023-08-31,organico,free
355,2023-09-30,organico,free
355,2023-10-31,organico,free
356,2023-08-31,organico,premium
356,2023-09-30,organico,premium
356,2023-10-31,organico,premium
356,2023-11-30,organico,premium
357,2023-11-30,organico,free
357,2023-12-30,organico,free
358,2023-11-30,ads,free
358,2023-12-30,ads,free
359,2023-11-30,ads,free
359,2023-12-30,ads,free
360,2023-04-30,organico,free
360,2023-05-30,organico,free
360,2023-06-30,organico,free
360,2023-07-30,organico,free
360,2023-08-30,organico,free
360,2023-09-30,organico,free
360,2023-10-30,organico,free
361,2023-07-31,ads,free
361,2023-08-31,ads,free
362,2023-04-30,ads,free
363,2023-12-31,organico,free
364,2023-11-30,indicacao,free
364,2023-12-30,indicacao,free
365,2023-03-31,organico,free
365,2023-04-30,organico,free
365,2023-05-31,organico,free
365,2023-06-30,organico,free
365,2023-07-31,organico,free
365,2023-08-31,organico,free
366,2023-02-28,organico,free
366,2023-03-28,organico,free
366,2023-04-28,organico,free
366,2023-05-28,organico,free
366,2023-06-28,organico,free
366,2023-07-28,organico,free
366,2023-08-28,organico,free
366,2023-09-28,organico,free
366,2023-10-28,organico,free
367,2023-08-31,organico,premium
367,2023-09-30,organico,premium
367,2023-10-31,organico,premium
367,2023-11-30,organico,premium
367,2023-12-31,organico,premium
368,2023-08-31,organico,free
368,2023-09-30,organico,free
368,2023-10-31,organico,free
368,2023-11-30,organico,free
368,2023-12-31,organico,free
369,2023-08-31,ads,premium
369,2023-09-30,ads,premium
369,2023-10-31,ads,premium
369,2023-11-30,ads,premium
370,2023-07-31,ads,free
370,2023-08-31,ads,free
370,2023-09-30,ads,free
370,2023-10-31,ads,free
370,2023-11-30,ads,free
371,2023-08-31,indicacao,free
371,2023-09-30,indicacao,free
371,2023-10-31,indicacao,free
371,2023-11-30,indicacao,free
371,2023-12-31,indicacao,free
372,2023-07-31,organico,free
372,2023-08-31,organico,free
372,2023-09-30,organico,free
372,2023-10-31,organico,free
373,2023-09-30,organico,free
373,2023-10-30,organico,free
373,2023-11-30,organico,free
373,2023-12-30,organico,free
374,2023-06-30,organico,free
374,2023-07-30,organico,free
374,2023-08-30,organico,free
374,2023-09-30,organico,free
374,2023-10-30,organico,free
374,2023-11-30,organico,free
374,2023-12-30,organico,free
375,2023-11-30,indicacao,free
375,2023-12-30,indicacao,free
376,2023-02-28,ads,free
376,2023-03-28,ads,free
376,2023-04-28,ads,free
376,2023-05-28,ads,free
376,2023-06-28,ads,free
376,2023-07-28,ads,free
377,2023-11-30,ads,premium
377,2023-12-30,ads,premium
378,2023-09-30,organico,free
378,2023-10-30,organico,free
378,2023-11-30,organico,free
378,2023-12-30,organico,free
379,2023-09-30,organico,premium
379,2023-10-30,organico,premium
379,2023-11-30,organico,premium
379,2023-12-30,organico,premium
380,2023-06-30,organico,free
380,2023-07-30,organico,free
380,2023-08-30,organico,free
380,2023-09-30,organico,free
380,2023-10-30,organico,free
380,2023-11-30,organico,free
380,2023-12-30,organico,free
381,2023-02-28,organico,free
382,2023-09-30,organico,free
382,2023-10-30,organico,free
382,2023-11-30,organico,free
382,2023-12-30,organico,free
383,2023-10-31,organico,free
383,2023-11-30,organico,free
383,2023-12-31,organico,free
384,2023-10-31,ads,premium
384,2023-11-30,ads,premium
385,2023-10-31,organico,free
385,2023-11-30,organico,free
385,2023-12-31,organico,free
386,2023-03-31,ads,free
386,2023-04-30,ads,free
386,2023-05-31,ads,free
386,2023-06-30,ads,free
386,2023-07-31,ads,free
386,2023-08-31,ads,free
386,2023-09-30,ads,free
386,2023-10-31,ads,free
386,2023-11-30,ads,free
387,2023-07-31,ads,free
387,2023-08-31,ads,free
387,2023-09-30,ads,free
387,2023-10-31,ads,free
387,2023-11-30,ads,free
387,2023-12-31,ads,free
388,2023-08-31,ads,premium
388,2023-09-30,ads,premium
388,2023-10-31,ads,premium
388,2023-11-30,ads,premium
388,2023-12-31,ads,premium
389,2023-07-31,ads,free
389,2023-08-31,ads,free
389,2023-09-30,ads,free
389,2023-10-31,ads,free
389,2023-11-30,ads,free
389,2023-12-31,ads,free
390,2023-10-31,ads,free
390,2023-11-30,ads,free
390,2023-12-31,ads,free
391,2023-12-31,ads,free
392,2023-12-31,organico,free
393,2023-10-31,organico,free
393,2023-11-30,organico,free
393,2023-12-31,organico,free
394,2023-07-31,organico,free
394,2023-08-31,organico,free
395,2023-06-30,ads,free
395,2023-07-30,ads,free
395,2023-08-30,ads,free
395,2023-09-30,ads,free
395,2023-10-30,ads,free
395,2023-11-30,ads,free
395,2023-12-30,ads,free
396,2023-09-30,organico,free
396,2023-10-30,organico,free
396,2023-11-30,organico,free
397,2023-03-31,organico,free
398,2023-07-31,organico,premium
398,2023-08-31,organico,premium
398,2023-09-30,organico,premium
398,2023-10-31,organico,premium
398,2023-11-30,organico,premium
398,2023-12-31,organico,premium
399,2023-08-31,organico,free
399,2023-09-30,organico,free
399,2023-10-31,organico,free
399,2023-11-30,organico,free
400,2023-12-31,organico,premium
401,2023-04-30,organico,free
401,2023-05-30,organico,free
401,2023-06-30,organico,free
401,2023-07-30,organico,free
402,2023-02-28,organico,free
402,2023-03-28,organico,free
402,2023-04-28,organico,free
402,2023-05-28,organico,free
402,2023-06-28,organico,free
402,2023-07-28,organico,free
402,2023-08-28,organico,free
403,2023-10-31,indicacao,free
403,2023-11-30,indicacao,free
403,2023-12-31,indicacao,free
404,2023-02-28,ads,free
404,2023-03-28,ads,free
404,2023-04-28,ads,free
405,2023-10-31,ads,premium
405,2023-11-30,ads,premium
405,2023-12-31,ads,premium
406,2023-10-31,organico,premium
406,2023-11-30,organico,premium
406,2023-12-31,organico,premium
407,2023-05-31,ads,free
407,2023-06-30,ads,free
407,2023-07-31,ads,free
407,2023-08-31,ads,free
407,2023-09-30,ads,free
407,2023-10-31,ads,free
408,2023-12-31,organico,free
409,2023-09-30,ads,free
410,2023-11-30,organico,free
410,2023-12-30,organico,free
411,2023-05-31,organico,free
411,2023-06-30,organico,free
411,2023-07-31,organico,free
411,2023-08-31,organico,free
411,2023-09-30,organico,free
411,2023-10-31,organico,free
411,2023-11-30,organico,free
411,2023-12-31,organico,free
412,2023-04-30,indicacao,free
412,2023-05-30,indicacao,free
412,2023-06-30,indicacao,free
412,2023-07-30,indicacao,free
412,2023-08-30,indicacao,free
412,2023-09-30,indicacao,free
412,2023-10-30,indicacao,free
412,2023-11-30,indicacao,free
412,2023-12-30,indicacao,free
413,2023-10-31,organico,free
413,2023-11-30,organico,free
413,2023-12-31,organico,free
414,2023-10-31,ads,free
414,2023-11-30,ads,free
414,2023-12-31,ads,free
415,2023-04-30,organico,premium
415,2023-05-30,organico,premium
415,2023-06-30,organico,premium
415,2023-07-30,organico,premium
415,2023-08-30,organico,premium
415,2023-09-30,organico,premium
415,2023-10-30,organico,premium
415,2023-11-30,organico,premium
415,2023-12-30,organico,premium
416,2023-06-30,organico,free
416,2023-07-30,organico,free
416,2023-08-30,organico,free
416,2023-09-30,organico,free
416,2023-10-30,organico,free
417,2023-05-31,organico,free
417,2023-06-30,organico,free
417,2023-07-31,organico,free
417,2023-08-31,organico,free
417,2023-09-30,organico,free
417,2023-10-31,organico,free
417,2023-11-30,organico,free
417,2023-12-31,organico,free
418,2023-12-31,organico,premium
419,2023-12-31,organico,free
420,2023-09-30,organico,premium
421,2023-07-31,organico,free
421,2023-08-31,organico,free
421,2023-09-30,organico,free
421,2023-10-31,organico,free
421,2023-11-30,organico,free
421,2023-12-31,organico,free
422,2023-05-31,organico,free
422,2023-06-30,organico,free
422,2023-07-31,organico,free
422,2023-08-31,organico,free
422,2023-09-30,organico,free
422,2023-10-31,organico,free
422,2023-11-30,organico,free
422,2023-12-31,organico,free
423,2023-04-30,indicacao,premium
423,2023-05-30,indicacao,premium
423,2023-06-30,indicacao,premium
423,2023-07-30,indicacao,premium
423,2023-08-30,indicacao,premium
423,2023-09-30,indicacao,premium
423,2023-10-30,indicacao,premium
423,2023-11-30,indicacao,premium
423,2023-12-30,indicacao,premium
424,2023-02-28,organico,premium
424,2023-03-28,organico,premium
424,2023-04-28,organico,premium
424,2023-05-28,organico,premium
424,2023-06-28,organico,premium
424,2023-07-28,organico,premium
424,2023-08-28,organico,premium
425,2023-08-31,organico,free
425,2023-09-30,organico,free
425,2023-10-31,organico,free
425,2023-11-30,organico,free
425,2023-12-31,organico,free
426,2023-04-30,organico,free
426,2023-05-30,organico,free
426,2023-06-30,organico,free
426,2023-07-30,organico,free
427,2023-02-28,organico,free
427,2023-03-28,organico,free
428,2023-05-31,organico,free
428,2023-06-30,organico,free
428,2023-07-31,organico,free
428,2023-08-31,organico,free
428,2023-09-30,organico,free
428,2023-10-31,organico,free
429,2023-05-31,indicacao,free
430,2023-07-31,indicacao,free
430,2023-08-31,indicacao,free
431,2023-02-28,ads,premium
431,2023-03-28,ads,premium
431,2023-04-28,ads,premium
431,2023-05-28,ads,premium
431,2023-06-28,ads,premium
431,2023-07-28,ads,premium
431,2023-08-28,ads,premium
431,2023-09-28,ads,premium
432,2023-01-31,organico,premium
432,2023-02-28,organico,premium
432,2023-03-31,organico,premium
432,2023-04-30,organico,premium
433,2023-01-31,ads,premium
433,2023-02-28,ads,premium
433,2023-03-31,ads,premium
433,2023-04-30,ads,premium
433,2023-05-31,ads,premium
434,2023-05-31,organico,free
434,2023-06-30,organico,free
435,2023-02-28,ads,free
436,2023-09-30,indicacao,free
436,2023-10-30,indicacao,free
436,2023-11-30,indicacao,free
436,2023-12-30,indicacao,free
437,2023-09-30,organico,free
437,2023-10-30,organico,free
437,2023-11-30,organico,free
437,2023-12-30,organico,free
438,2023-04-30,ads,premium
438,2023-05-30,ads,premium
439,2023-09-30,organico,premium
440,2023-08-31,organico,free
440,2023-09-30,organico,free
440,2023-10-31,organico,free
440,2023-11-30,organico,free
440,2023-12-31,organico,free
441,2023-01-31,organico,free
441,2023-02-28,organico,free
441,2023-03-31,organico,free
441,2023-04-30,organico,free
441,2023-05-31,organico,free
442,2023-03-31,organico,free
443,2023-01-31,organico,free
443,2023-02-28,organico,free
443,2023-03-31,organico,free
443,2023-04-30,organico,free
443,2023-05-31,organico,free
443,2023-06-30,organico,free
443,2023-07-31,organico,free
443,2023-08-31,organico,free
443,2023-09-30,organico,free
443,2023-10-31,organico,free
443,2023-11-30,organico,free
444,2023-03-31,organico,free
444,2023-04-30,organico,free
445,2023-09-30,organico,premium
445,2023-10-30,organico,premium
446,2023-06-30,indicacao,premium
446,2023-07-30,indicacao,premium
446,2023-08-30,indicacao,premium
446,2023-09-30,indicacao,premium
446,2023-10-30,indicacao,premium
446,2023-11-30,indicacao,premium
446,2023-12-30,indicacao,premium
447,2023-12-31,organico,free
448,2023-11-30,ads,premium
448,2023-12-30,ads,premium
449,2023-12-31,indicacao,free
450,2023-11-30,organico,free
450,2023-12-30,organico,free
451,2023-04-30,indicacao,free
451,2023-05-30,indicacao,free
451,2023-06-30,indicacao,free
451,2023-07-30,indicacao,free
451,2023-08-30,indicacao,free
452,2023-06-30,organico,free
452,2023-07-30,organico,free
452,2023-08-30,organico,free
452,2023-09-30,organico,free
453,2023-05-31,organico,free
453,2023-06-30,organico,free
453,2023-07-31,organico,free
454,2023-08-31,organico,free
454,2023-09-30,organico,free
455,2023-02-28,organico,free
455,2023-03-28,organico,free
455,2023-04-28,organico,free
455,2023-05-28,organico,free
455,2023-06-28,organico,free
455,2023-07-28,organico,free
455,2023-08-28,organico,free
455,2023-09-28,organico,free
455,2023-10-28,organico,free
456,2023-11-30,organico,premium
456,2023-12-30,organico,premium
457,2023-07-31,organico,free
457,2023-08-31,organico,free
457,2023-09-30,organico,free
457,2023-10-31,organico,free
457,2023-11-30,organico,free
457,2023-12-31,organico,free
458,2023-08-31,indicacao,free
458,2023-09-30,indicacao,free
458,2023-10-31,indicacao,free
458,2023-11-30,indicacao,free
458,2023-12-31,indicacao,free
459,2023-06-30,organico,free
459,2023-07-30,organico,free
459,2023-08-30,organico,free
459,2023-09-30,organico,free
459,2023-10-30,organico,free
459,2023-11-30,organico,free
459,2023-12-30,organico,free
460,2023-11-30,organico,free
460,2023-12-30,organico,free
461,2023-06-30,organico,free
461,2023-07-30,organico,free
461,2023-08-30,organico,free
461,2023-09-30,organico,free
461,2023-10-30,organico,free
461,2023-11-30,organico,free
461,2023-12-30,organico,free
462,2023-08-31,organico,premium
462,2023-09-30,organico,premium
462,2023-10-31,organico,premium
462,2023-11-30,organico,premium
462,2023-12-31,organico,premium
463,2023-08-31,organico,free
463,2023-09-30,organico,free
463,2023-10-31,organico,free
463,2023-11-30,organico,free
463,2023-12-31,organico,free
464,2023-04-30,organico,premium
464,2023-05-30,organico,premium
464,2023-06-30,organico,premium
464,2023-07-30,organico,premium
464,2023-08-30,organico,premium
464,2023-09-30,organico,premium
464,2023-10-30,organico,premium
465,2023-10-31,ads,free
465,2023-11-30,ads,free
465,2023-12-31,ads,free
466,2023-01-31,organico,free
467,2023-03-31,ads,free
467,2023-04-30,ads,free
467,2023-05-31,ads,free
467,2023-06-30,ads,free
467,2023-07-31,ads,free
468,2023-01-31,organico,free
468,2023-02-28,organico,free
468,2023-03-31,organico,free
469,2023-12-31,organico,free
470,2023-09-30,organico,premium
470,2023-10-30,organico,premium
470,2023-11-30,organico,premium
471,2023-07-31,ads,free
471,2023-08-31,ads,free
471,2023-09-30,ads,free
471,2023-10-31,ads,free
471,2023-11-30,ads,free
471,2023-12-31,ads,free
472,2023-07-31,ads,free
472,2023-08-31,ads,free
472,2023-09-30,ads,free
472,2023-10-31,ads,free
472,2023-11-30,ads,free
472,2023-12-31,ads,free
473,2023-12-31,ads,free
474,2023-10-31,indicacao,free
474,2023-11-30,indicacao,free
474,2023-12-31,indicacao,free
475,2023-08-31,ads,free
475,2023-09-30,ads,free
475,2023-10-31,ads,free
475,2023-11-30,ads,free
475,2023-12-31,ads,free
476,2023-08-31,organico,free
476,2023-09-30,organico,free
476,2023-10-31,organico,free
476,2023-11-30,organico,free
476,2023-12-31,organico,free
477,2023-04-30,organico,premium
477,2023-05-30,organico,premium
477,2023-06-30,organico,premium
477,2023-07-30,organico,premium
477,2023-08-30,organico,premium
478,2023-12-31,organico,free
479,2023-08-31,ads,free
479,2023-09-30,ads,free
479,2023-10-31,ads,free
479,2023-11-30,ads,free
479,2023-12-31,ads,free
480,2023-03-31,organico,free
480,2023-04-30,organico,free
481,2023-06-30,organico,free
481,2023-07-30,organico,free
481,2023-08-30,organico,free
481,2023-09-30,organico,free
482,2023-08-31,organico,free
482,2023-09-30,organico,free
482,2023-10-31,organico,free
482,2023-11-30,organico,free
482,2023-12-31,organico,free
483,2023-09-30,organico,free
483,2023-10-30,organico,free
483,2023-11-30,organico,free
483,2023-12-30,organico,free
484,2023-07-31,ads,free
484,2023-08-31,ads,free
484,2023-09-30,ads,free
484,2023-10-31,ads,free
484,2023-11-30,ads,free
484,2023-12-31,ads,free
485,2023-04-30,organico,free
485,2023-05-30,organico,free
485,2023-06-30,organico,free
485,2023-07-30,organico,free
485,2023-08-30,organico,free
485,2023-09-30,organico,free
485,2023-10-30,organico,free
486,2023-12-31,indicacao,free
487,2023-08-31,ads,free
487,2023-09-30,ads,free
487,2023-10-31,ads,free
487,2023-11-30,ads,free
487,2023-12-31,ads,free
488,2023-04-30,ads,free
488,2023-05-30,ads,free
488,2023-06-30,ads,free
488,2023-07-30,ads,free
488,2023-08-30,ads,free
488,2023-09-30,ads,free
488,2023-10-30,ads,free
489,2023-01-31,ads,free
489,2023-02-28,ads,free
489,2023-03-31,ads,free
489,2023-04-30,ads,free
490,2023-02-28,organico,free
490,2023-03-28,organico,free
490,2023-04-28,organico,free
490,2023-05-28,organico,free
490,2023-06-28,organico,free
490,2023-07-28,organico,free
490,2023-08-28,organico,free
491,2023-02-28,organico,free
491,2023-03-28,organico,free
492,2023-11-30,organico,free
492,2023-12-30,organico,free
493,2023-04-30,organico,premium
493,2023-05-30,organico,premium
494,2023-07-31,organico,free
494,2023-08-31,organico,free
494,2023-09-30,organico,free
494,2023-10-31,organico,free
494,2023-11-30,organico,free
494,2023-12-31,organico,free
495,2023-12-31,ads,free
496,2023-10-31,organico,free
496,2023-11-30,organico,free
496,2023-12-31,organico,free
497,2023-10-31,ads,premium
497,2023-11-30,ads,premium
497,2023-12-31,ads,premium
498,2023-04-30,ads,free
498,2023-05-30,ads,free
498,2023-06-30,ads,free
499,2023-02-28,organico,free
499,2023-03-28,organico,free
499,2023-04-28,organico,free
499,2023-05-28,organico,free
500,2023-02-28,ads,premium
500,2023-03-28,ads,premium
500,2023-04-28,ads,premium
500,2023-05-28,ads,premium
500,2023-06-28,ads,premium
500,2023-07-28,ads,premium
500,2023-08-28,ads,premium
500,2023-09-28,ads,premium
500,2023-10-28,ads,premium
